{
    "bamboo_jungle": {
        "event_name": "music.overworld.bamboo_jungle",
        "max_delay": 180,
        "min_delay": 60
    },
    "bamboo_jungle_hills": {
        "event_name": "music.overworld.bamboo_jungle",
        "max_delay": 180,
        "min_delay": 60
    },
    "basalt_deltas": {
        "event_name": "music.game.basalt_deltas",
        "max_delay": 180,
        "min_delay": 60
    },
    "birch_forest": {
        "event_name": "music.game_and_wild_equal_chance",
        "max_delay": 180,
        "min_delay": 60
    },
    "birch_forest_hills": {
        "event_name": "music.game_and_wild_equal_chance",
        "max_delay": 180,
        "min_delay": 60
    },
    "birch_forest_mutated": {
        "event_name": "music.game_and_wild_favor_game",
        "max_delay": 180,
        "min_delay": 60
    },
    "cherry_grove": {
        "event_name": "music.overworld.cherry_grove",
        "max_delay": 180,
        "min_delay": 60
    },
    "creative": {
        "event_name": "music.game.creative",
        "max_delay": 180,
        "min_delay": 60
    },
    "credits": {
        "event_name": "music.game.credits",
        "max_delay": 0,
        "min_delay": 0
    },
    "crimson_forest": {
        "event_name": "music.game.crimson_forest",
        "max_delay": 180,
        "min_delay": 60
    },
    "deep_dark": {
        "event_name": "music.overworld.deep_dark",
        "max_delay": 180,
        "min_delay": 60
    },
    "desert": {
        "event_name": "music.overworld.desert",
        "max_delay": 180,
        "min_delay": 60
    },
    "desert_hills": {
        "event_name": "music.overworld.desert",
        "max_delay": 180,
        "min_delay": 60
    },
    "desert_hills_mutated": {
        "event_name": "music.overworld.desert",
        "max_delay": 180,
        "min_delay": 60
    },
    "dripstone_caves": {
        "event_name": "music.overworld.dripstone_caves",
        "max_delay": 180,
        "min_delay": 60
    },
    "end": {
        "event_name": "music.game.end",
        "max_delay": 180,
        "min_delay": 60
    },
    "endboss": {
        "event_name": "music.game.endboss",
        "max_delay": 180,
        "min_delay": 60
    },
    "flower_forest": {
        "event_name": "music.overworld.flower_forest",
        "max_delay": 180,
        "min_delay": 60
    },
    "forest": {
        "event_name": "music.game_and_wild_equal_chance",
        "max_delay": 180,
        "min_delay": 60
    },
    "frozen_peaks": {
        "event_name": "music.game.frozen_peaks",
        "max_delay": 180,
        "min_delay": 60
    },
    "game": {
        "event_name": "music.menu",
        "max_delay": 0,
        "min_delay": 0
    },
    "grove": {
        "event_name": "music.overworld.grove",
        "max_delay": 180,
        "min_delay": 60
    },
    "hell": {
        "event_name": "music.game.nether_wastes",
        "max_delay": 180,
        "min_delay": 60
    },
    "jagged_peaks": {
        "event_name": "music.overworld.jagged_peaks",
        "max_delay": 180,
        "min_delay": 60
    },
    "jungle": {
        "event_name": "music.overworld.jungle",
        "max_delay": 180,
        "min_delay": 60
    },
    "jungle_edge": {
        "event_name": "music.overworld.jungle_edge",
        "max_delay": 180,
        "min_delay": 60
    },
    "jungle_hills": {
        "event_name": "music.overworld.jungle",
        "max_delay": 180,
        "min_delay": 60
    },
    "jungle_hills_mutated": {
        "event_name": "music.overworld.jungle",
        "max_delay": 180,
        "min_delay": 60
    },
    "jungle_mutated": {
        "event_name": "music.game_and_wild_equal_chance",
        "max_delay": 180,
        "min_delay": 60
    },
    "lush_caves": {
        "event_name": "music.overworld.lush_caves",
        "max_delay": 180,
        "min_delay": 60
    },
    "mangrove_swamp": {
        "event_name": "music.game.swamp_music",
        "max_delay": 180,
        "min_delay": 60
    },
    "meadow": {
        "event_name": "music.game.meadow",
        "max_delay": 180,
        "min_delay": 60
    },
    "mega_taiga": {
        "event_name": "music.game_and_wild_favor_game",
        "max_delay": 180,
        "min_delay": 60
    },
    "menu": {
        "event_name": "music.menu",
        "max_delay": 0,
        "min_delay": 0
    },
    "mesa": {
        "event_name": "music.overworld.mesa",
        "max_delay": 180,
        "min_delay": 60
    },
    "mesa_plateau": {
        "event_name": "music.overworld.mesa",
        "max_delay": 180,
        "min_delay": 60
    },
    "mesa_plateau_mutated": {
        "event_name": "music.overworld.mesa",
        "max_delay": 180,
        "min_delay": 60
    },
    "nether": {
        "event_name": "music.game.nether",
        "max_delay": 180,
        "min_delay": 60
    },
    "redwood_taiga_hills_mutated": {
        "event_name": "music.game_and_wild_favor_game",
        "max_delay": 180,
        "min_delay": 60
    },
    "redwood_taiga_mutated": {
        "event_name": "music.game_and_wild_favor_game",
        "max_delay": 180,
        "min_delay": 60
    },
    "roofed_forest": {
        "event_name": "music.game_and_wild_equal_chance",
        "max_delay": 180,
        "min_delay": 60
    },
    "roofed_forest_mutated": {
        "event_name": "music.game_and_wild_equal_chance",
        "max_delay": 180,
        "min_delay": 60
    },
    "snowy_slopes": {
        "event_name": "music.overworld.snowy_slopes",
        "max_delay": 180,
        "min_delay": 60
    },
    "soulsand_valley": {
        "event_name": "music.game.soulsand_valley",
        "max_delay": 180,
        "min_delay": 60
    },
    "stony_peaks": {
        "event_name": "music.overworld.stony_peaks",
        "max_delay": 180,
        "min_delay": 60
    },
    "swampland": {
        "event_name": "music.game.swamp_music",
        "max_delay": 180,
        "min_delay": 60
    },
    "swampland_mutated": {
        "event_name": "music.game.swamp_music",
        "max_delay": 180,
        "min_delay": 60
    },
    "water": {
        "event_name": "music.game.water",
        "max_delay": 20,
        "min_delay": 10
    },
    "overworld": {
        "event_name": "music.menu",
        "max_delay": 0,
        "min_delay": 0
    }
}