{
  "format_version": "1.20.20",
  "sound_definitions": {
    "music.menu": {
      "category": "music",
      "max_distance": null,
      "min_distance": null,
      "sounds": [
        {
          "name": "sounds/music/menu/menu1",
          "stream": true,
          "load_on_low_memory": true
        },
        {
          "name": "sounds/music/menu/menu2",
          "stream": true,
          "load_on_low_memory": true
        },
        {
          "name": "sounds/music/menu/menu3",
          "stream": true,
          "load_on_low_memory": true
        },
        {
          "name": "sounds/music/menu/menu4",
          "stream": true,
          "load_on_low_memory": true
        }
      ]
    }
  }
}